Country/Region,unit,1990,1991,1992,1993,1994,1995,1996,1997,1998,1999,2000,2001,2002,2003,2004,2005,2006,2007,2008,2009,2010,2011,2012,2013,2014,2015,2016,2017,2018,2019
China,MtCO2e,2173.36,2302.18,2418.18,2645.41,2767.67,3088.62,3070.51,3134.11,3236.28,3153.66,3346.53,3529.08,3810.06,4415.91,5124.82,5824.63,6437.47,6993.18,7199.60,7719.07,8474.92,9282.55,9541.87,9984.57,10006.67,9861.10,9874.66,10096.01,10502.93,10707.22
United States,MtCO2e,4844.52,4807.50,4879.63,4995.21,5066.81,5117.04,5273.49,5543.35,5590.54,5609.02,5775.81,5748.26,5593.03,5658.99,5738.29,5753.49,5653.08,5736.32,5558.38,5156.43,5392.11,5173.60,4956.06,5092.10,5107.21,4990.71,4894.50,4819.37,4975.31,4817.72
India,MtCO2e,563.58,607.23,626.29,651.35,685.90,737.86,774.07,819.27,836.27,901.33,937.86,953.54,985.45,1011.77,1085.67,1136.47,1215.21,1336.74,1424.38,1564.88,1659.98,1756.74,1909.44,1972.43,2147.11,2158.02,2195.25,2320.41,2451.93,2456.30
Russia,MtCO2e,2163.53,2136.44,2030.81,1880.25,1685.05,1635.49,1601.18,1489.51,1487.97,1523.72,1563.85,1567.17,1565.34,1610.00,1600.98,1611.98,1654.85,1658.15,1655.19,1546.67,1617.83,1699.09,1675.76,1632.68,1611.96,1592.56,1571.52,1594.55,1661.00,1703.59
Japan,MtCO2e,1090.53,1103.98,1115.06,1107.61,1160.78,1171.01,1184.67,1172.63,1130.31,1165.32,1182.61,1170.38,1206.60,1214.95,1209.85,1212.82,1189.52,1225.07,1158.22,1100.98,1156.48,1213.52,1253.61,1262.78,1217.12,1179.44,1167.79,1155.23,1116.15,1081.57
Germany,MtCO2e,955.31,932.55,892.82,887.06,875.90,874.66,904.34,872.65,865.25,833.59,830.28,847.68,833.38,836.79,821.07,802.38,814.41,783.80,789.69,734.81,773.07,746.48,760.13,776.15,736.01,742.31,747.15,732.20,707.70,657.40
Iran,MtCO2e,198.47,219.10,233.65,236.73,266.69,271.52,279.81,292.40,290.99,323.36,340.45,354.07,369.87,389.77,417.66,450.79,484.18,514.14,523.05,542.29,541.17,552.05,559.12,583.70,605.35,599.18,607.21,626.42,637.43,630.01
Indonesia,MtCO2e,148.53,162.40,171.51,185.09,199.18,223.68,236.72,261.16,262.70,279.48,280.65,302.06,305.64,333.89,341.24,342.15,364.47,379.96,376.14,391.08,415.52,475.31,481.51,447.94,483.91,488.55,482.51,517.32,576.99,619.84
South Korea,MtCO2e,247.68,274.79,297.05,327.60,354.28,385.41,409.99,431.64,366.57,401.88,456.66,471.53,463.00,465.70,485.91,481.00,487.85,503.69,514.92,526.64,575.22,598.48,600.32,599.60,588.09,607.83,615.88,626.63,630.64,610.79
Canada,MtCO2e,419.49,413.30,426.37,422.05,436.76,448.05,461.70,476.82,484.79,494.28,514.22,506.62,524.35,544.54,536.42,549.03,540.53,571.63,550.47,521.32,537.01,549.29,546.21,555.66,561.68,558.70,556.83,568.08,580.09,580.21
Saudi Arabia,MtCO2e,171.41,187.93,202.04,203.26,206.36,204.83,217.65,220.07,233.90,239.52,249.66,254.09,272.25,284.83,299.89,315.29,335.44,354.62,389.72,406.53,446.13,463.77,492.47,503.21,540.52,565.19,561.23,545.07,521.26,523.78
Mexico,MtCO2e,269.58,288.00,291.68,300.67,326.50,306.84,322.70,342.48,365.14,355.18,379.18,378.83,386.00,404.69,414.10,432.19,448.30,457.12,459.55,448.37,462.87,478.40,486.45,475.74,462.24,471.63,473.31,471.58,452.57,449.27
South Africa,MtCO2e,247.66,242.33,238.82,246.49,252.14,264.31,274.11,289.03,296.49,278.41,284.66,320.54,331.32,353.09,379.99,377.65,379.79,397.06,426.74,404.20,425.31,409.26,426.78,436.92,447.93,424.81,425.14,435.65,434.35,439.64
Brazil,MtCO2e,197.90,205.48,207.87,215.26,222.50,241.28,262.41,281.33,290.59,300.96,313.67,319.38,317.76,310.81,328.52,331.69,335.62,352.56,373.63,350.00,397.93,418.31,454.23,486.84,511.62,485.34,447.08,456.49,433.99,434.30
Turkey,MtCO2e,139.20,143.80,149.80,155.58,153.82,168.15,185.34,193.43,193.69,192.65,216.40,197.77,208.11,219.16,224.60,235.00,261.08,288.97,287.19,287.83,297.11,317.72,328.88,318.17,340.64,351.59,374.59,415.90,411.73,396.84
Australia,MtCO2e,263.63,264.76,268.40,273.05,280.18,290.18,300.81,307.85,328.62,333.71,339.45,345.64,353.37,352.58,365.81,370.09,375.49,385.75,388.94,395.29,387.54,386.38,386.97,380.28,371.63,377.80,384.99,389.16,387.07,386.53
United Kingdom,MtCO2e,561.77,570.68,557.89,541.38,535.18,526.81,545.48,524.19,526.00,522.75,530.89,545.26,530.79,543.04,543.08,540.92,542.06,530.50,515.34,466.49,482.44,445.59,467.78,453.76,415.60,401.08,380.81,367.00,360.73,348.92
Vietnam,MtCO2e,19.33,19.80,20.81,24.24,26.68,31.40,35.03,40.84,45.47,46.41,51.21,56.72,66.50,70.90,85.05,92.37,94.87,105.14,117.59,132.29,151.41,155.97,155.52,164.30,180.87,220.65,223.72,230.45,285.60,336.49
Italy,MtCO2e,405.26,404.07,402.27,396.93,392.29,416.42,412.15,415.52,426.37,433.01,436.30,436.57,443.47,462.20,472.40,473.83,466.65,459.37,444.98,397.06,405.27,396.69,376.75,346.46,327.50,337.86,333.34,329.19,324.88,317.24
France,MtCO2e,356.24,380.65,368.59,349.42,344.40,352.24,367.90,359.07,381.11,374.90,373.12,376.73,371.02,376.71,377.79,380.66,371.55,362.83,357.99,343.73,347.78,335.14,338.42,338.56,306.10,311.30,313.92,317.83,307.05,300.52
Poland,MtCO2e,350.21,351.62,343.37,344.02,339.75,340.00,355.32,344.63,318.41,308.98,295.77,293.63,287.32,297.73,301.85,301.35,314.09,313.38,308.33,297.26,313.74,310.59,303.35,298.30,285.73,289.08,299.80,312.86,311.91,295.13
Thailand,MtCO2e,89.22,98.07,107.95,122.72,137.06,155.78,174.71,177.94,156.79,163.79,164.49,173.16,184.24,191.93,210.19,217.77,219.88,224.59,227.58,220.26,234.38,233.60,250.68,260.70,256.80,264.00,261.60,258.82,257.05,267.09
Malaysia,MtCO2e,54.62,65.10,67.17,73.04,79.74,86.31,98.64,106.02,105.69,114.45,124.36,129.46,136.38,144.49,158.27,167.42,174.10,189.94,202.91,181.93,200.22,202.74,205.81,223.66,236.65,236.54,235.96,227.62,244.41,253.27
Egypt,MtCO2e,87.75,89.37,90.90,92.66,87.90,93.72,98.94,106.06,110.98,116.54,114.61,126.70,129.44,133.02,144.50,162.22,170.75,183.40,189.94,197.66,200.31,205.77,215.00,213.86,219.12,226.28,231.23,242.23,247.91,249.37
Spain,MtCO2e,214.95,222.10,232.37,218.08,228.45,240.57,230.11,248.60,256.22,278.30,293.31,294.79,312.75,318.66,335.56,350.50,341.78,354.68,324.27,287.49,273.25,274.40,269.27,242.81,240.96,256.28,247.03,263.45,257.04,239.98
Kazakhstan,MtCO2e,237.25,246.37,253.84,219.24,199.17,175.24,153.39,132.24,135.84,122.65,120.15,117.44,131.06,146.14,158.03,169.21,185.30,198.39,242.03,213.61,229.70,245.45,244.60,260.01,209.23,190.73,202.15,214.58,216.60,212.11
Pakistan,MtCO2e,59.03,60.31,66.98,73.75,76.25,82.74,85.82,89.36,90.19,98.77,98.37,99.84,102.33,105.66,118.65,121.67,132.48,146.26,142.16,145.14,140.62,141.70,143.81,146.06,154.24,164.13,181.11,198.83,187.31,190.57
United Arab Emirates,MtCO2e,55.21,61.56,59.70,63.62,70.78,75.17,78.53,81.44,83.45,85.68,84.73,97.20,99.15,103.82,110.01,116.46,121.56,131.83,156.05,157.02,162.79,165.60,175.59,184.47,184.76,195.24,201.08,197.04,177.12,188.86
Ukraine,MtCO2e,688.62,651.93,574.64,499.31,415.67,399.25,346.11,328.24,309.29,305.73,297.38,300.55,303.94,330.23,307.14,295.41,303.99,312.14,301.20,251.62,268.92,283.34,277.11,270.27,237.73,191.07,201.66,174.94,185.62,174.73
Iraq,MtCO2e,64.21,45.55,67.34,89.56,102.12,100.07,98.88,118.91,91.78,72.71,87.63,97.55,91.16,81.28,88.11,85.13,82.96,76.65,88.14,94.20,108.55,113.04,129.00,139.10,134.04,133.17,142.23,155.08,163.15,174.56
Algeria,MtCO2e,62.94,66.43,66.84,72.22,73.61,76.44,76.12,74.43,74.65,77.51,80.05,78.65,82.40,88.19,89.49,94.19,99.81,102.75,107.75,112.17,114.18,120.79,134.93,139.02,147.74,156.27,154.91,158.34,165.54,171.25
Argentina,MtCO2e,100.32,105.92,107.93,110.26,111.91,112.89,122.55,126.12,132.67,134.51,132.27,125.26,117.47,127.66,141.38,145.99,154.90,162.81,167.23,156.57,167.22,176.64,177.96,183.25,179.60,185.55,183.16,179.32,176.90,168.10
Netherlands,MtCO2e,148.38,154.51,153.25,158.15,157.26,164.11,173.62,166.31,166.73,161.45,162.10,167.12,167.43,170.36,172.12,167.93,163.70,164.55,165.22,160.49,171.11,158.77,157.47,157.09,149.79,157.41,158.54,155.76,151.36,146.34
Philippines,MtCO2e,41.08,40.65,44.02,47.80,51.51,61.75,67.22,74.79,74.22,71.58,72.10,70.48,71.57,73.63,75.14,76.67,69.47,73.22,75.15,76.30,81.93,82.63,86.18,95.50,101.82,111.01,121.96,133.50,138.57,145.42
Uzbekistan,MtCO2e,117.77,118.58,113.08,114.59,108.88,98.15,99.60,100.73,116.26,116.49,123.81,125.70,129.89,121.91,124.84,119.19,127.36,122.58,128.88,116.53,126.24,128.63,113.14,111.86,104.87,99.17,105.23,109.53,112.47,116.71
Nigeria,MtCO2e,72.77,81.93,91.81,86.24,78.33,86.17,100.23,98.65,88.70,87.02,97.22,101.95,92.24,101.00,98.73,98.72,88.77,81.12,86.93,76.95,90.06,95.00,95.34,108.13,114.83,107.76,110.83,108.50,109.89,115.28
Venezuela,MtCO2e,101.63,100.99,103.11,107.39,106.53,114.04,121.84,127.59,129.30,125.46,131.52,135.80,140.75,135.77,139.61,147.38,147.53,142.39,151.11,152.59,164.10,160.04,181.13,180.43,179.24,163.13,151.07,140.82,132.13,112.34
Czech Republic,MtCO2e,150.20,136.90,134.14,130.98,124.71,125.18,126.74,124.79,118.92,111.95,123.17,122.72,118.53,122.77,123.44,119.99,120.60,123.62,118.31,111.17,112.25,109.17,106.07,101.15,97.51,99.14,101.73,101.83,100.90,96.29
Belgium,MtCO2e,109.31,113.96,112.33,110.11,114.90,114.57,119.45,116.63,119.41,115.51,117.27,118.34,110.85,115.50,114.02,110.61,108.65,104.59,106.93,99.67,106.72,96.48,95.27,96.59,90.14,95.13,94.22,92.72,93.66,93.01
Kuwait,MtCO2e,29.13,7.82,23.05,30.74,36.67,36.25,35.63,37.30,42.13,45.74,49.84,53.19,55.59,58.12,61.91,69.91,72.43,70.60,75.84,77.65,80.72,83.29,85.31,87.36,85.57,89.02,91.55,90.73,91.39,92.65
Qatar,MtCO2e,12.54,14.98,14.68,16.61,18.49,19.05,20.94,25.39,26.50,29.00,28.66,28.65,32.50,34.74,37.07,38.54,43.77,49.83,53.04,54.07,60.58,68.19,75.08,76.17,81.66,84.78,86.92,87.54,86.42,91.97
Chile,MtCO2e,30.52,29.30,30.32,32.32,35.64,38.97,44.90,51.29,52.01,54.43,50.42,48.43,49.12,50.20,54.97,55.97,57.15,64.57,67.99,65.45,69.75,76.47,78.41,83.00,76.56,82.23,86.49,87.07,86.61,91.37
Bangladesh,MtCO2e,11.52,10.83,11.82,12.57,13.54,16.55,16.83,18.97,19.25,20.11,21.65,25.78,27.43,28.63,30.53,32.71,35.90,37.99,41.58,44.75,50.58,54.42,57.99,60.60,63.83,72.19,74.38,79.34,83.45,90.74
Colombia,MtCO2e,48.73,50.44,52.51,55.88,56.78,59.31,58.65,64.19,64.44,55.40,58.34,58.94,56.77,56.11,56.11,57.64,57.69,59.18,59.78,62.01,63.56,69.10,69.70,76.86,79.20,80.23,82.68,74.99,78.59,81.04
Oman,MtCO2e,11.92,15.72,14.92,15.18,16.19,18.87,19.38,20.02,19.52,21.98,25.11,28.03,29.97,31.70,31.26,31.01,39.19,42.26,41.31,43.59,47.08,53.62,60.55,63.01,66.39,70.13,72.13,71.93,75.60,76.03
Romania,MtCO2e,172.63,142.76,126.19,117.70,115.16,120.88,124.21,113.61,99.54,84.99,89.02,95.23,93.74,98.14,95.35,94.71,99.26,96.73,95.42,80.71,77.62,84.06,81.85,72.09,71.54,73.32,71.59,74.21,75.19,73.95
Turkmenistan,MtCO2e,44.65,37.79,28.10,26.97,33.55,33.99,30.61,30.50,31.84,37.69,38.51,39.12,41.41,46.35,49.37,50.59,51.92,58.48,59.28,52.39,59.18,65.45,69.01,70.22,71.40,73.40,73.34,73.12,73.05,72.87
Morocco,MtCO2e,21.50,23.12,24.88,25.58,27.71,28.79,28.48,29.90,30.63,32.20,32.88,36.27,37.47,37.25,40.99,43.58,45.00,46.35,48.63,48.75,51.76,55.94,58.08,57.59,58.69,60.41,60.32,63.52,64.96,71.48
Austria,MtCO2e,58.27,62.42,57.66,57.80,58.28,61.18,64.90,64.22,64.67,63.05,63.53,67.91,69.37,74.46,75.80,76.24,74.10,71.24,70.73,64.42,69.96,68.27,65.11,65.75,62.05,63.24,63.68,65.86,63.06,64.77
Israel,MtCO2e,33.81,34.52,36.86,40.50,43.36,46.78,48.73,50.97,51.50,52.98,57.00,57.95,61.08,62.93,63.16,61.01,64.33,66.60,66.71,65.73,70.52,69.82,76.06,67.00,64.72,66.14,64.98,65.61,61.08,62.65
Greece,MtCO2e,75.62,75.82,78.18,78.09,79.73,82.83,82.75,83.76,87.13,87.40,94.46,96.61,96.60,100.22,99.84,101.95,100.70,104.31,100.41,94.74,87.58,84.55,80.09,72.48,69.55,68.01,66.85,66.80,65.02,60.00
Belarus,MtCO2e,99.83,96.22,87.99,76.42,64.81,57.64,58.65,59.17,57.26,54.95,52.94,51.88,51.84,52.70,56.04,56.78,59.12,57.65,60.53,57.40,61.67,58.55,59.94,59.99,59.50,54.82,55.14,56.01,58.95,57.67
Libya,MtCO2e,28.60,28.82,26.34,30.58,38.64,43.48,45.43,42.20,41.90,43.22,44.72,44.45,45.59,48.92,48.46,52.99,52.92,49.39,53.27,56.40,59.55,41.95,57.63,58.61,58.00,51.33,50.95,55.16,56.62,56.80
Peru,MtCO2e,20.88,20.27,21.03,21.80,22.54,25.65,28.06,27.96,26.97,29.07,28.63,26.54,27.73,27.16,31.24,31.29,30.84,33.81,38.29,41.17,45.00,48.43,48.12,49.75,53.17,54.55,56.86,54.27,54.59,56.75
North Korea,MtCO2e,123.33,117.34,104.69,96.71,88.75,83.42,74.01,67.52,60.94,66.58,71.82,74.39,71.20,72.74,74.32,77.59,78.94,65.63,72.83,55.36,51.62,37.10,38.48,27.63,31.23,25.10,30.00,54.29,50.53,56.04
Singapore,MtCO2e,28.97,30.47,31.41,36.16,37.98,37.58,38.52,38.16,37.05,37.80,42.12,42.03,41.29,38.16,39.62,36.90,37.17,38.29,38.42,38.83,42.41,44.77,43.69,43.91,44.40,45.43,46.10,49.14,47.40,47.38
Hungary,MtCO2e,67.42,64.55,58.00,58.38,57.78,57.43,58.45,56.99,57.35,57.91,54.63,56.28,55.60,58.19,56.35,55.92,55.46,53.85,53.01,47.84,47.88,46.91,43.43,40.76,40.63,43.38,44.25,46.44,46.40,46.38
Serbia,MtCO2e,61.91,52.20,47.99,42.72,38.90,44.55,51.65,56.31,56.21,40.01,43.99,45.00,48.58,52.15,56.35,50.69,53.01,51.46,49.83,46.87,47.10,51.23,45.79,46.47,38.96,45.39,46.62,47.34,46.13,45.95
Portugal,MtCO2e,41.07,42.77,46.77,45.79,47.30,50.69,48.74,50.93,55.60,62.21,61.66,61.38,65.60,60.52,62.13,65.47,60.45,58.80,56.84,56.30,50.94,49.87,48.22,46.56,45.93,49.85,48.76,53.33,49.50,44.64
Finland,MtCO2e,54.56,55.13,52.28,53.46,59.93,56.09,62.57,60.62,57.27,56.51,55.10,61.09,63.44,71.71,67.68,55.46,67.02,65.10,56.66,54.18,62.53,55.12,49.41,50.19,46.16,42.82,45.70,43.02,44.58,40.71
Ecuador,MtCO2e,15.42,15.74,16.85,16.95,18.80,20.92,24.00,24.95,24.47,21.61,22.05,24.25,24.17,24.66,26.18,28.22,30.13,30.64,31.69,34.50,37.25,37.10,37.09,39.70,41.80,41.52,39.81,38.55,40.14,39.29
Bulgaria,MtCO2e,73.61,58.83,55.36,55.93,53.72,54.88,55.30,52.99,50.48,44.32,43.42,46.19,43.60,47.93,47.27,47.99,48.95,52.60,50.04,42.91,44.74,49.64,45.02,39.66,42.05,44.56,41.59,43.88,40.90,39.14
Switzerland,MtCO2e,43.33,45.67,45.70,43.45,42.59,43.44,44.01,42.75,44.25,44.53,43.71,45.15,43.57,44.84,45.28,45.85,45.48,43.54,44.96,43.67,45.21,41.19,42.52,43.53,39.79,39.09,39.67,38.70,37.48,37.38
Myanmar,MtCO2e,4.08,4.02,4.28,4.81,5.65,6.94,7.31,7.25,7.91,8.71,9.44,8.35,8.30,10.49,10.15,10.72,9.97,10.39,7.90,7.49,8.13,8.69,11.96,13.60,17.04,19.04,21.86,32.50,32.94,36.72
Norway,MtCO2e,29.31,27.33,30.20,32.43,34.41,34.39,34.60,36.54,37.89,39.70,34.29,34.72,34.37,37.17,37.34,36.35,37.20,37.75,36.87,37.43,41.41,39.60,38.49,39.50,39.11,39.49,38.76,37.72,37.59,35.95
Ireland,MtCO2e,30.96,31.47,31.51,31.65,32.82,33.45,34.82,35.97,38.42,39.97,42.53,44.82,43.93,44.09,44.69,46.65,47.26,46.36,45.78,40.56,40.19,36.68,37.13,35.71,35.53,37.06,38.82,37.78,37.66,35.75
Azerbaijan,MtCO2e,53.48,52.06,63.61,48.05,33.52,32.47,27.19,26.49,26.49,26.12,27.69,26.40,26.18,28.57,28.31,30.04,30.49,27.63,30.45,25.50,24.31,27.28,30.11,30.94,32.24,31.77,32.24,31.96,32.73,35.51
Sweden,MtCO2e,53.35,54.24,56.75,56.50,58.49,58.23,63.65,57.38,58.36,57.26,53.28,52.50,54.02,55.20,53.59,50.21,48.90,47.14,46.15,42.88,48.13,44.58,42.14,40.54,39.08,39.19,38.78,38.29,36.01,35.00
New Zealand,MtCO2e,22.31,22.63,24.38,23.96,24.23,24.33,25.41,27.69,27.18,28.61,29.45,31.62,31.54,33.40,32.84,34.23,34.27,33.27,34.17,31.17,31.05,30.29,32.11,31.89,31.97,32.28,31.19,32.93,32.36,34.01
Bahrain,MtCO2e,10.74,10.35,12.27,13.07,13.37,13.54,14.15,14.42,15.49,15.45,15.88,16.39,17.22,17.94,17.93,20.69,22.49,23.00,24.76,24.72,25.97,26.02,27.17,28.85,30.28,30.58,30.30,30.52,30.81,33.26
Slovakia,MtCO2e,54.81,47.94,46.10,44.32,41.70,42.37,42.17,42.27,41.40,40.66,38.07,38.58,38.07,38.33,37.43,38.52,37.87,37.19,37.10,33.91,35.43,34.12,32.35,32.92,30.44,30.75,31.50,33.58,33.00,31.08
Tunisia,MtCO2e,14.54,15.03,16.11,16.41,16.42,16.78,17.32,17.88,18.66,19.66,20.70,21.57,21.71,21.50,22.48,22.97,23.90,24.75,25.25,25.29,27.52,26.34,27.79,27.85,29.95,30.48,29.61,29.96,29.89,29.91
Denmark,MtCO2e,52.09,62.80,57.03,59.36,63.20,60.00,73.34,63.65,59.71,56.73,52.60,54.25,53.84,59.23,53.73,50.20,58.13,53.41,50.13,47.93,48.12,43.10,38.22,39.96,35.82,33.70,35.32,33.13,33.13,29.70
Lebanon,MtCO2e,5.62,7.04,7.02,10.33,11.27,13.30,14.12,16.13,16.26,17.04,15.67,16.89,16.84,17.41,17.88,17.28,16.23,15.04,18.65,21.90,20.86,21.18,23.47,23.24,25.15,27.01,27.81,29.32,27.79,27.95
Dominican Republic,MtCO2e,7.86,8.23,9.62,9.52,11.14,11.84,12.73,14.50,16.62,17.79,18.67,18.98,20.88,18.73,17.28,18.69,20.37,20.63,20.58,19.66,20.68,20.91,21.68,21.29,21.45,23.59,24.59,23.55,25.31,27.23
Cuba,MtCO2e,35.62,27.42,21.77,20.15,21.72,23.18,25.20,27.45,27.11,28.00,28.35,27.47,26.42,25.63,25.36,26.32,26.78,27.68,26.75,26.98,28.11,27.59,28.69,28.87,26.69,29.21,27.17,26.24,26.71,25.91
Syria,MtCO2e,32.39,35.77,35.15,35.88,37.44,38.98,42.02,42.07,44.63,43.87,44.40,44.73,44.27,44.38,46.36,57.22,60.21,63.60,65.28,60.70,61.09,56.92,47.03,30.70,26.61,25.27,26.34,29.34,27.39,25.71
Angola,MtCO2e,6.56,6.67,6.88,9.27,11.30,12.72,15.44,16.16,16.77,17.61,16.20,15.96,15.69,16.76,17.45,15.81,16.56,16.97,19.28,21.15,22.80,23.87,23.87,26.96,29.63,31.65,29.76,24.25,23.96,25.21
Jordan,MtCO2e,9.93,9.78,11.93,12.20,12.99,13.60,13.87,14.37,14.62,14.63,16.27,16.25,16.87,17.31,18.58,19.87,20.17,21.09,20.01,20.66,20.20,20.76,24.12,23.80,25.55,25.31,24.82,26.15,24.78,24.63
Sri Lanka,MtCO2e,3.84,3.99,5.25,5.09,5.77,5.82,8.36,8.34,8.61,9.50,10.93,10.85,11.39,12.41,12.87,13.98,12.40,13.59,12.81,12.29,13.07,15.42,16.85,14.48,17.60,20.36,21.93,23.36,21.69,23.78
Mongolia,MtCO2e,12.97,14.76,12.86,11.85,10.32,10.28,8.69,8.52,8.55,8.61,9.00,8.97,9.60,9.31,9.56,11.06,12.42,13.02,12.97,13.64,14.31,15.73,17.14,18.38,18.12,17.30,18.17,19.58,21.55,23.07
Bolivia,MtCO2e,10.41,10.87,11.15,10.20,9.52,8.58,8.29,9.12,8.67,8.22,8.21,8.05,8.30,9.08,9.49,10.05,11.23,12.08,13.11,14.00,15.17,16.61,17.42,18.74,20.41,20.76,22.01,22.75,23.23,22.34
Kenya,MtCO2e,6.14,5.89,5.95,5.86,5.87,6.37,6.97,6.64,7.16,7.49,8.32,7.61,7.42,6.53,7.44,8.32,9.30,9.37,9.91,11.71,12.64,13.03,12.15,14.10,15.15,17.21,19.11,18.98,17.49,22.28
Bosnia and Herzegovina,MtCO2e,23.97,21.44,15.97,13.40,3.16,3.37,4.19,8.49,10.76,10.52,13.96,13.76,14.56,14.87,15.57,16.23,17.91,18.89,20.76,20.59,20.84,23.74,21.96,21.85,19.49,19.62,22.34,22.68,22.60,21.07
Sudan,MtCO2e,5.37,4.80,4.53,3.21,4.70,4.51,4.31,5.24,4.77,5.31,5.69,6.25,7.71,7.93,8.83,10.50,12.90,13.96,14.95,15.48,16.42,15.92,15.80,15.22,16.12,18.71,21.13,20.96,20.86,20.62
Ghana,MtCO2e,2.79,2.56,3.08,3.19,3.46,3.71,4.09,4.30,6.10,6.58,5.74,6.21,7.43,7.14,6.68,7.04,8.51,9.12,8.66,10.01,11.19,11.75,14.61,15.63,15.09,15.78,16.07,17.01,18.68,20.04
Guatemala,MtCO2e,3.93,4.03,4.83,5.11,5.43,6.35,6.19,6.55,8.29,8.20,9.42,9.81,10.47,10.54,10.75,11.53,11.52,12.41,11.24,11.85,11.44,11.74,12.15,13.00,13.95,16.34,17.49,16.57,18.32,19.31
Laos,MtCO2e,0.51,0.55,0.60,0.61,0.64,0.67,0.78,0.83,0.85,0.88,0.90,1.00,1.11,1.15,1.21,1.26,1.64,1.73,2.05,2.54,2.88,3.04,3.27,4.16,4.34,8.88,15.70,19.05,19.36,18.71
Ethiopia,MtCO2e,2.31,2.33,1.52,1.94,2.26,2.57,2.87,3.06,3.23,3.18,3.56,4.40,4.57,5.02,5.33,5.05,5.40,5.96,6.49,6.53,6.47,7.54,8.48,10.08,12.34,12.89,14.97,15.82,17.24,18.36
Trinidad and Tobago,MtCO2e,13.15,13.05,13.15,10.72,8.79,8.62,9.19,9.69,9.92,9.90,10.20,11.62,12.68,15.45,16.10,17.59,20.06,20.50,20.02,19.04,21.46,22.26,21.52,22.21,22.04,21.33,18.31,18.25,17.78,17.19
Croatia,MtCO2e,20.34,14.74,15.04,15.54,14.87,15.46,15.26,17.07,18.53,18.52,18.04,19.20,20.28,21.61,21.10,21.45,21.61,22.88,21.73,20.31,19.46,19.03,17.41,17.01,16.24,16.60,16.88,17.41,16.43,16.52
Cambodia,MtCO2e,1.26,1.30,1.35,1.38,1.48,1.47,1.53,1.64,1.88,1.91,1.96,2.15,2.21,2.38,2.38,2.66,2.96,3.66,4.06,4.75,5.14,5.36,5.67,5.74,6.95,8.43,11.07,12.69,14.58,16.18
Slovenia,MtCO2e,13.53,12.74,12.83,13.56,13.61,14.47,15.29,15.73,15.50,14.91,14.54,15.38,15.52,15.41,15.70,15.92,16.29,16.28,17.36,15.51,15.78,15.70,15.12,14.55,13.11,13.14,13.90,14.12,14.07,13.60
Nepal,MtCO2e,0.94,1.18,1.23,1.41,1.74,1.90,1.96,2.19,2.32,3.12,3.22,3.46,2.79,3.02,2.81,3.19,2.62,2.69,2.99,3.88,4.64,5.20,6.00,6.09,7.13,7.19,10.41,12.48,15.19,13.45
Panama,MtCO2e,2.69,3.12,3.64,3.80,4.04,4.36,4.41,4.64,5.72,5.01,5.28,6.22,5.41,5.53,5.61,7.12,7.49,7.48,7.30,8.70,9.19,9.99,10.46,10.25,10.76,10.70,10.77,10.13,10.06,13.34
Tanzania,MtCO2e,1.89,1.87,1.86,1.92,1.91,2.73,3.07,2.89,2.69,2.52,2.95,3.13,3.57,3.76,5.08,5.66,6.05,5.91,6.08,5.93,6.91,8.19,9.87,10.81,10.71,11.69,11.20,11.83,12.00,12.45
Zimbabwe,MtCO2e,16.54,18.30,18.47,17.08,15.96,15.48,14.86,13.83,14.07,15.82,13.70,13.90,12.49,10.18,9.77,10.51,9.83,9.76,7.60,7.75,9.60,11.41,12.01,12.28,12.08,12.43,11.02,10.34,12.38,11.76
Lithuania,MtCO2e,32.22,34.29,19.98,15.74,14.81,13.74,14.23,13.92,14.71,12.25,10.51,11.15,11.22,11.23,11.91,12.83,13.02,13.21,13.06,11.69,12.60,11.85,11.93,11.33,10.86,11.07,11.20,11.22,11.65,11.73
Yemen,MtCO2e,6.64,8.50,9.13,8.55,9.34,10.53,10.80,11.64,12.46,14.06,15.03,16.07,16.09,18.70,19.63,21.11,21.92,23.27,24.22,26.57,25.43,22.95,21.01,27.83,27.43,13.55,10.85,10.01,9.72,11.10
CÃ´te d'Ivoire,MtCO2e,2.71,2.79,2.77,2.96,3.09,3.37,4.05,4.97,4.99,6.83,6.49,6.49,6.84,5.31,5.47,5.88,5.70,5.66,6.47,6.03,6.35,6.12,8.04,8.69,9.20,9.81,9.59,10.56,10.19,10.83
Senegal,MtCO2e,2.33,2.33,2.57,2.51,2.61,2.76,2.93,3.21,3.60,3.96,4.06,4.46,4.58,4.49,5.39,5.67,5.57,6.20,6.44,6.67,7.03,7.57,7.45,8.01,8.57,9.29,10.13,9.80,10.18,10.62
Honduras,MtCO2e,2.45,2.45,2.73,2.90,3.25,3.87,3.90,4.04,4.68,4.75,4.99,5.80,6.09,6.73,7.56,6.97,7.97,8.54,8.59,8.07,8.18,8.81,9.24,9.37,9.46,9.93,9.47,9.26,10.05,10.22
Estonia,MtCO2e,35.28,31.54,23.82,18.34,17.82,16.26,17.20,16.77,16.24,15.29,14.92,15.38,14.95,16.94,17.02,17.23,15.98,19.98,18.40,15.05,19.00,18.17,16.89,19.32,17.94,15.54,15.99,16.71,15.32,10.18
Georgia,MtCO2e,33.49,25.51,20.07,16.09,10.44,8.18,6.36,5.52,4.99,4.52,4.77,3.52,2.96,3.16,3.37,4.24,4.70,5.63,4.84,5.62,5.32,6.52,7.19,7.84,8.47,9.20,9.65,9.73,9.57,10.11
Kyrgyzstan,MtCO2e,22.76,20.42,13.80,10.11,6.55,4.60,5.77,5.69,6.04,4.79,4.67,3.97,4.97,5.59,5.56,5.30,5.32,6.47,7.51,6.76,6.35,7.62,10.06,9.38,9.71,10.27,9.70,9.43,11.25,10.05
Luxembourg,MtCO2e,11.29,11.75,11.44,11.65,10.81,8.66,8.74,8.24,7.57,7.92,8.56,9.12,9.82,10.24,11.66,11.91,11.72,11.11,11.02,10.44,11.03,10.90,10.69,10.15,9.65,9.13,8.85,9.00,9.32,9.49
Cameroon,MtCO2e,2.90,6.97,6.85,5.77,4.62,4.68,4.76,4.86,5.04,4.79,5.21,5.16,5.13,5.21,5.12,5.02,5.09,6.13,6.39,7.03,7.01,6.81,6.88,7.55,8.25,8.46,9.08,9.17,9.59,9.43
Tajikistan,MtCO2e,11.02,10.17,7.69,5.17,3.04,2.51,2.24,2.51,2.77,2.54,2.20,2.15,2.13,2.18,2.60,2.47,2.69,3.27,3.04,2.41,2.45,2.56,3.02,3.20,4.58,4.90,6.09,7.37,8.68,9.42
Moldova,MtCO2e,30.53,24.60,20.32,17.41,14.14,12.14,10.40,9.58,8.65,7.35,6.71,7.02,7.18,7.77,7.78,8.18,7.98,8.14,8.15,7.64,8.30,8.34,8.14,7.18,7.71,8.02,8.14,8.06,8.54,8.86
Jamaica,MtCO2e,7.47,7.41,8.15,8.32,8.38,8.68,9.04,9.20,9.72,9.98,10.06,10.08,10.25,10.59,10.57,10.56,12.06,12.02,9.62,7.88,7.48,7.53,6.96,7.40,7.19,7.09,7.57,7.22,8.61,8.39
Macedonia,MtCO2e,8.59,8.38,8.54,8.84,8.55,8.52,10.06,8.99,9.84,9.09,8.76,8.92,8.37,9.14,8.84,9.23,9.22,9.70,9.48,8.87,8.64,9.52,9.05,8.14,7.70,7.41,7.30,7.79,7.30,8.30
Costa Rica,MtCO2e,2.87,3.06,4.15,4.18,4.85,4.81,4.53,4.49,5.02,5.03,4.95,5.42,5.52,5.80,5.94,6.27,6.56,7.60,7.52,7.20,7.11,7.43,7.45,7.78,7.83,7.54,8.08,8.26,8.37,8.24
Paraguay,MtCO2e,2.07,2.02,2.47,2.82,3.34,3.78,3.72,4.11,4.27,4.27,3.52,3.61,3.78,3.94,3.97,3.70,3.95,3.72,4.32,4.57,5.04,5.22,5.18,5.30,5.63,6.37,7.18,8.06,8.47,8.21
El Salvador,MtCO2e,2.38,3.07,3.35,3.92,4.46,4.96,4.39,5.32,5.67,5.61,5.63,5.87,5.94,6.51,6.68,6.84,7.24,7.63,6.91,6.68,6.54,6.78,6.77,6.46,6.59,7.00,7.17,6.38,6.81,7.80
Papua New Guinea,MtCO2e,2.17,2.18,2.18,2.21,2.06,2.13,2.23,2.40,2.65,2.60,2.83,3.39,3.61,4.08,4.95,4.93,4.78,5.05,4.76,5.03,5.02,5.16,4.89,5.24,5.89,6.51,7.66,7.61,7.56,7.58
Latvia,MtCO2e,18.78,17.20,13.97,11.76,10.22,9.00,9.01,8.53,8.13,7.55,6.93,7.36,7.35,7.59,7.62,7.71,8.20,8.53,8.11,7.36,8.52,7.90,7.57,7.45,7.28,7.32,7.15,7.12,7.79,7.57
Mozambique,MtCO2e,1.12,0.94,1.10,1.29,1.10,1.17,1.16,1.29,1.24,1.23,1.43,1.41,1.57,1.90,1.91,1.71,1.86,2.23,2.24,2.49,2.68,3.35,3.68,4.20,4.86,5.52,7.28,7.21,6.95,7.50
Benin,MtCO2e,0.33,0.27,0.28,0.29,0.28,0.30,0.97,1.24,1.21,1.34,1.42,1.74,2.18,2.44,2.65,2.90,3.47,4.00,4.02,4.42,4.83,4.65,4.44,4.68,5.19,5.51,6.74,6.87,7.42,7.30
Republic of Congo,MtCO2e,3.20,3.19,3.13,2.69,2.06,2.64,3.17,3.27,3.88,3.96,4.35,4.24,2.76,3.23,3.52,4.31,4.78,4.15,4.36,4.84,5.42,5.38,5.26,5.33,5.19,5.66,5.50,5.41,6.49,7.26
Botswana,MtCO2e,2.81,2.73,3.30,3.25,3.08,3.19,2.92,3.07,3.68,3.86,4.03,3.87,4.03,3.92,3.97,4.28,4.09,4.32,4.39,4.19,3.37,3.88,3.41,5.42,6.99,6.95,6.63,7.33,7.31,7.25
Cyprus,MtCO2e,4.59,5.11,5.48,5.74,5.98,5.85,6.21,6.30,6.61,6.87,7.13,6.99,7.17,7.83,7.78,7.90,8.00,8.31,8.49,8.28,7.90,7.63,7.10,6.43,6.81,6.85,7.22,7.36,7.20,7.19
Brunei,MtCO2e,3.26,3.38,3.59,3.93,4.27,4.60,4.83,5.23,4.52,4.43,4.72,4.71,4.62,5.52,5.10,4.99,7.52,7.14,7.91,7.87,7.17,7.33,7.30,7.21,7.08,6.40,6.97,7.29,7.54,6.99
Zambia,MtCO2e,2.74,2.88,2.85,2.51,2.14,2.13,1.76,2.29,2.17,1.76,1.81,1.84,1.92,2.08,2.11,2.29,2.18,1.98,2.19,2.49,2.66,3.05,4.03,4.24,4.69,4.96,5.32,6.81,7.73,6.80
Uruguay,MtCO2e,3.85,4.37,4.77,4.49,4.27,4.69,5.45,5.56,5.78,6.78,5.46,4.95,4.53,4.49,5.46,5.42,6.33,5.85,7.75,7.67,6.28,7.61,8.52,7.36,6.50,6.64,6.52,6.10,6.54,6.49
Armenia,MtCO2e,19.85,20.69,10.90,5.04,2.74,3.51,2.58,3.34,3.47,3.11,3.56,3.60,3.12,3.50,3.76,4.46,4.49,5.20,5.69,4.51,4.34,4.94,5.72,5.50,5.48,5.34,5.07,5.37,5.71,6.17
Afghanistan,MtCO2e,2.38,2.23,1.39,1.34,1.29,1.24,1.18,1.10,1.04,0.81,0.76,0.73,1.03,1.22,1.03,1.55,1.76,1.77,3.56,4.88,7.11,8.93,8.08,5.99,4.88,5.95,5.30,4.78,6.07,6.08
Uganda,MtCO2e,0.79,0.81,0.82,0.81,0.73,0.95,1.05,1.11,1.26,1.29,1.30,1.30,1.49,1.57,1.63,2.02,2.40,2.87,2.97,3.36,3.33,3.74,3.78,3.69,4.11,4.72,4.95,5.17,5.86,5.86
Mali,MtCO2e,0.01,0.01,0.01,0.01,0.01,0.01,0.00,0.01,false,false,1.41,1.61,1.40,1.40,1.48,1.65,1.89,2.07,2.08,2.51,2.78,3.12,3.11,3.22,3.38,3.65,4.67,5.18,5.47,5.83
Equatorial Guinea,MtCO2e,0.06,0.07,0.90,0.96,1.03,1.10,1.19,1.65,1.97,3.23,2.22,3.40,4.63,5.01,6.20,8.32,9.37,8.54,9.78,9.71,9.95,9.99,9.82,9.18,7.91,6.57,6.66,5.80,6.43,5.35
Gabon,MtCO2e,4.10,4.56,4.53,4.65,4.62,5.21,5.81,5.56,6.39,6.03,6.08,6.23,5.96,6.44,6.09,6.06,5.44,4.94,5.27,5.20,5.76,5.78,5.60,5.79,5.96,6.12,6.42,5.33,5.12,5.25
Nicaragua,MtCO2e,1.93,1.92,2.24,2.20,2.53,2.65,2.82,3.02,3.52,3.54,3.77,3.93,4.06,4.56,4.53,4.34,4.55,4.70,4.50,4.39,4.51,4.77,4.69,4.47,4.76,5.27,5.38,5.48,5.11,5.24
Burkina Faso,MtCO2e,0.50,0.51,0.52,0.53,0.54,0.57,0.63,0.69,0.76,0.89,0.94,0.97,0.96,1.04,1.06,1.06,1.24,1.41,1.70,1.73,2.29,2.46,2.94,3.13,3.18,3.70,3.70,4.27,4.67,5.00
Albania,MtCO2e,5.98,4.06,2.22,2.06,2.07,1.93,1.94,1.47,1.79,2.97,3.17,3.23,3.76,4.07,4.25,4.03,4.01,4.14,4.08,4.22,4.45,4.85,4.36,4.44,4.82,4.62,4.48,5.14,5.11,4.83
Namibia,MtCO2e,false,1.12,1.22,1.41,1.64,1.77,1.92,1.97,2.02,1.98,1.94,2.46,2.13,2.27,2.38,2.53,2.53,2.62,2.95,3.02,3.13,3.33,3.53,3.79,3.95,4.20,4.13,4.27,4.23,4.22
Mauritius,MtCO2e,1.16,1.25,1.32,1.47,1.51,1.55,1.61,1.62,1.79,2.20,2.43,2.57,2.61,2.75,2.77,2.96,3.30,3.40,3.47,3.42,3.66,3.64,3.73,3.82,3.95,3.96,4.04,4.17,4.13,4.17
Madagascar,MtCO2e,0.89,0.95,0.96,1.00,1.21,1.37,1.31,1.42,1.63,1.67,1.65,1.67,1.12,1.55,1.65,1.71,1.64,1.72,1.78,1.69,1.87,2.19,2.74,2.93,3.01,3.28,3.18,3.47,3.35,4.12
Guinea,MtCO2e,1.00,1.02,1.05,1.08,1.12,1.16,1.23,1.29,1.36,1.43,1.49,1.57,1.63,1.70,1.77,1.83,1.90,1.98,2.01,2.12,2.50,2.62,2.48,2.18,2.24,2.54,2.82,3.34,3.75,3.95
Mauritania,MtCO2e,0.94,0.98,1.01,1.05,1.07,1.17,1.23,1.23,1.24,1.30,1.27,1.40,1.55,1.48,1.64,1.51,1.73,1.99,1.90,2.35,2.40,2.46,2.73,2.59,2.90,3.56,3.26,3.49,3.69,3.95
Haiti,MtCO2e,1.02,1.00,0.90,0.69,0.19,0.90,1.06,1.27,1.31,1.38,1.47,1.60,1.83,1.81,1.67,1.70,1.72,2.05,2.03,1.99,2.46,2.70,2.42,2.65,3.02,3.28,3.36,3.33,3.29,3.32
Democratic Republic of the Congo,MtCO2e,3.18,1.74,1.48,1.90,2.21,2.11,2.27,2.27,2.28,2.09,1.63,1.57,1.65,2.00,1.94,2.21,2.28,2.47,2.55,2.50,2.65,3.02,2.83,3.96,5.14,3.23,2.42,2.85,3.12,3.21
Guyana,MtCO2e,1.17,1.14,1.08,1.09,1.41,1.53,1.58,1.72,1.75,1.74,1.66,1.64,1.62,1.62,1.67,1.48,1.33,1.61,1.60,1.63,1.76,1.83,2.00,1.98,2.06,2.08,2.48,2.47,2.59,2.85
Bahamas,MtCO2e,1.96,2.04,2.57,2.09,2.07,2.20,2.07,1.87,2.36,2.32,2.23,2.22,2.40,2.38,2.25,2.11,2.10,2.12,2.20,6.17,2.08,2.57,3.55,2.81,2.52,2.21,2.04,2.17,2.80,2.84
Suriname,MtCO2e,1.76,2.05,2.05,2.06,2.07,2.09,2.11,2.13,2.13,2.15,1.48,1.52,1.12,1.23,1.39,1.69,1.53,1.41,1.46,1.45,1.74,1.95,2.44,2.29,2.62,2.72,2.95,2.50,2.21,2.65
Montenegro,MtCO2e,1.92,1.36,1.48,1.29,1.26,1.33,1.55,1.67,1.76,1.21,1.52,1.67,1.77,1.89,2.04,2.00,2.18,2.10,2.69,1.75,2.58,2.54,2.33,2.27,2.22,2.36,2.15,2.27,2.50,2.60
Togo,MtCO2e,0.98,0.93,0.75,0.63,0.91,0.98,1.36,0.76,1.20,1.71,1.27,1.18,1.34,1.83,1.78,1.75,1.57,1.50,1.57,2.82,2.63,2.52,2.24,1.75,1.59,1.83,2.30,2.07,2.31,2.37
Chad,MtCO2e,0.39,0.40,0.41,0.41,0.43,0.44,0.45,0.47,0.47,0.49,0.29,0.34,0.40,0.45,0.45,0.48,0.51,0.50,0.54,0.79,1.24,1.10,1.86,2.19,2.26,2.39,2.21,2.15,2.19,2.25
Niger,MtCO2e,0.57,0.54,0.50,0.57,0.55,0.53,0.61,0.62,0.67,0.65,0.67,0.67,0.70,0.76,0.79,0.76,0.75,0.82,0.86,1.08,1.37,1.41,1.89,1.97,2.15,2.11,2.11,1.91,1.95,2.15
Maldives,MtCO2e,0.16,0.16,0.23,0.20,0.20,0.26,0.28,0.34,0.31,0.43,0.46,0.48,0.62,0.53,0.75,0.72,0.87,0.87,0.87,0.91,0.96,1.01,1.14,1.13,1.37,1.37,1.76,1.86,2.10,2.11
South Sudan,MtCO2e,0.43,0.41,0.36,0.25,0.34,0.36,0.37,0.45,0.39,0.42,0.46,0.53,0.67,0.75,0.95,0.91,1.00,1.17,1.24,1.29,1.31,1.28,1.42,1.45,1.53,1.97,1.73,1.52,1.55,1.70
Malta,MtCO2e,2.31,2.21,2.17,2.81,2.51,2.38,2.32,2.47,2.37,2.41,2.13,2.49,2.32,2.61,2.60,2.63,2.65,2.72,2.72,2.51,2.59,2.57,2.72,2.37,2.36,1.66,1.35,1.52,1.55,1.66
Iceland,MtCO2e,1.95,1.91,1.94,1.98,2.09,2.00,2.27,2.15,2.15,2.12,2.23,2.16,2.24,2.23,2.32,2.29,2.33,2.38,2.18,2.11,1.96,1.89,1.86,2.03,2.05,2.06,1.63,1.67,1.70,1.64
Fiji,MtCO2e,0.69,0.68,0.72,0.70,0.70,0.71,0.77,0.75,0.73,0.75,0.81,1.04,0.88,1.05,1.47,1.29,1.38,1.26,0.97,0.97,1.16,1.11,1.03,1.13,1.29,1.38,1.52,1.65,1.63,1.63
Malawi,MtCO2e,0.55,0.64,0.63,0.72,0.74,0.75,0.74,0.77,0.75,0.79,0.71,0.68,0.68,0.75,0.77,0.76,0.78,0.83,0.96,0.98,0.89,0.93,0.95,0.98,0.85,0.93,1.12,1.19,1.38,1.45
Rwanda,MtCO2e,0.55,0.50,0.50,0.51,0.47,0.46,0.48,0.51,0.51,0.53,0.54,0.56,0.56,0.55,0.56,0.55,0.55,0.58,0.56,0.59,0.60,0.68,0.75,0.81,0.86,0.98,1.16,1.19,1.29,1.33
Barbados,MtCO2e,0.98,0.98,1.18,1.00,1.03,1.07,1.06,1.16,1.27,1.30,1.24,1.31,1.37,1.38,1.36,1.42,1.47,1.48,1.78,4.62,1.55,1.76,2.12,1.44,1.27,1.27,1.29,1.18,1.24,1.25
Liberia,MtCO2e,0.45,0.37,0.40,0.42,0.42,0.42,0.44,0.45,0.49,0.40,0.43,0.45,0.45,0.48,0.56,0.67,0.69,0.64,0.54,0.54,0.73,0.85,0.95,0.92,1.22,1.26,1.41,1.28,1.13,1.18
Bhutan,MtCO2e,0.08,0.13,0.12,0.13,0.14,0.16,0.20,0.19,0.20,0.20,0.21,0.23,0.24,0.26,0.29,0.32,0.32,0.32,0.30,0.32,0.40,0.59,0.64,0.67,0.70,0.77,0.93,0.97,1.05,1.05
Eswatini,MtCO2e,0.56,0.56,0.58,0.59,0.61,0.63,0.46,0.59,0.62,0.68,0.69,0.61,0.62,0.63,0.63,0.66,0.65,0.66,0.63,0.70,0.65,0.66,0.68,0.75,0.75,0.77,0.84,0.89,0.91,0.96
Sierra Leone,MtCO2e,0.32,0.34,0.32,0.33,0.35,0.24,0.31,0.23,0.25,0.20,0.33,0.44,0.50,0.55,0.53,0.45,0.59,0.50,0.52,0.52,0.56,0.74,0.86,1.04,1.15,0.91,0.93,0.94,0.86,0.90
Eritrea,MtCO2e,false,false,0.44,0.63,0.73,0.80,0.87,0.83,0.61,0.65,0.64,0.70,0.68,0.69,0.68,0.60,0.52,0.51,0.45,0.47,0.50,0.57,0.62,0.64,0.65,0.65,0.66,0.72,0.85,0.88
Lesotho,MtCO2e,0.34,0.35,0.35,0.36,0.36,0.37,0.37,0.38,0.39,0.39,0.39,0.40,0.41,0.41,0.43,0.43,0.43,0.44,0.46,0.53,0.55,0.57,0.62,0.61,0.61,0.65,0.69,0.70,0.73,0.77
Burundi,MtCO2e,0.17,0.22,0.18,0.19,0.19,0.20,0.21,0.21,0.22,0.23,0.26,0.20,0.21,0.16,0.15,0.15,0.18,0.18,0.18,0.18,0.30,0.36,0.37,0.39,0.38,0.40,0.44,0.53,0.69,0.72
Somalia,MtCO2e,0.73,0.71,0.68,0.64,0.63,0.60,0.57,0.55,0.52,0.50,0.49,0.51,0.57,0.58,0.58,0.58,0.58,0.62,0.62,0.61,0.63,0.63,0.63,0.65,0.65,0.65,0.66,0.66,0.66,0.69
Cape Verde,MtCO2e,0.10,0.10,0.11,0.11,0.11,0.12,0.14,0.15,0.16,0.19,0.22,0.24,0.28,0.31,0.33,0.44,0.50,0.46,0.48,0.51,0.54,0.57,0.53,0.51,0.50,0.50,0.55,0.59,0.61,0.65
Belize,MtCO2e,0.33,0.43,0.50,0.47,0.45,0.46,0.36,0.46,0.45,0.41,0.45,0.53,0.52,0.51,0.44,0.47,0.51,0.53,0.50,1.46,0.56,0.67,0.67,0.46,0.48,0.68,0.65,0.64,0.63,0.64
Timor-Leste,MtCO2e,false,false,false,false,false,false,false,false,false,false,false,false,0.17,0.17,0.20,0.21,0.20,0.20,0.21,0.23,0.24,0.25,0.30,0.46,0.53,0.52,0.60,0.61,0.61,0.62
Seychelles,MtCO2e,0.15,0.17,0.18,0.19,0.21,0.20,0.24,0.28,0.29,0.31,0.29,0.32,0.35,0.34,0.38,0.38,0.39,0.40,0.42,0.45,0.44,0.41,0.43,0.42,0.47,0.51,0.58,0.58,0.58,0.61
Gambia,MtCO2e,0.19,0.20,0.20,0.21,0.21,0.22,0.22,0.23,0.24,0.26,0.24,0.31,0.30,0.30,0.32,0.33,0.36,0.41,0.43,0.49,0.44,0.45,0.46,0.44,0.52,0.53,0.53,0.54,0.55,0.58
Saint Lucia,MtCO2e,0.19,0.20,0.30,0.29,0.31,0.34,0.34,0.35,0.39,0.39,0.39,0.42,0.43,0.45,0.45,0.44,0.48,0.48,0.49,1.37,0.53,0.59,0.75,0.51,0.51,0.50,0.51,0.53,0.53,0.54
Antigua and Barbuda,MtCO2e,0.21,0.22,0.29,0.25,0.25,0.27,0.28,0.29,0.32,0.33,0.33,0.35,0.39,0.41,0.40,0.41,0.44,0.46,0.48,1.39,0.49,0.54,0.70,0.47,0.48,0.49,0.50,0.50,0.51,0.52
Andorra,MtCO2e,0.41,0.41,0.41,0.41,0.41,0.43,0.45,0.47,0.49,0.51,0.52,0.52,0.53,0.53,0.56,0.58,0.55,0.54,0.54,0.52,0.52,0.49,0.49,0.48,0.46,0.47,0.47,0.47,0.49,0.50
Djibouti,MtCO2e,0.27,0.29,0.30,0.30,0.29,0.32,0.30,0.33,0.39,0.39,0.37,0.38,0.40,0.41,0.40,0.43,0.43,0.47,0.47,0.47,0.52,0.48,0.50,0.56,0.40,0.46,0.42,0.42,0.40,0.42
Solomon Islands,MtCO2e,0.15,0.16,0.17,0.18,0.19,0.20,0.21,0.21,0.22,0.23,0.24,0.25,0.26,0.27,0.31,0.34,0.34,0.34,0.32,0.33,0.34,0.35,0.35,0.39,0.34,0.31,0.36,0.35,0.36,0.36
Guinea-Bissau,MtCO2e,0.17,0.17,0.18,0.18,0.18,0.18,0.18,0.20,0.17,0.19,0.15,0.15,0.15,0.19,0.20,0.21,0.22,0.23,0.22,0.23,0.24,0.24,0.25,0.25,0.27,0.28,0.31,0.31,0.32,0.33
Grenada,MtCO2e,0.11,0.12,0.17,0.15,0.16,0.17,0.19,0.20,0.22,0.22,0.21,0.23,0.24,0.25,0.23,0.25,0.26,0.28,0.29,0.81,0.29,0.31,0.41,0.32,0.25,0.27,0.28,0.29,0.32,0.33
Comoros,MtCO2e,0.07,0.07,0.07,0.07,0.07,0.08,0.08,0.08,0.09,0.10,0.10,0.11,0.11,0.14,0.15,0.15,0.17,0.11,0.11,0.14,0.17,0.15,0.16,0.19,0.17,0.19,0.22,0.28,0.30,0.32
Samoa,MtCO2e,0.09,0.10,0.10,0.11,0.10,0.12,0.13,0.13,0.15,0.15,0.15,0.16,0.17,0.17,0.19,0.21,0.20,0.20,0.17,0.18,0.19,0.20,0.20,0.20,0.21,0.24,0.30,0.31,0.29,0.30
Saint Vincent and the Grenadines,MtCO2e,0.08,0.09,0.12,0.13,0.14,0.15,0.15,0.16,0.19,0.19,0.16,0.20,0.23,0.23,0.25,0.25,0.25,0.27,0.25,0.89,0.25,0.27,0.36,0.23,0.27,0.25,0.26,0.23,0.25,0.26
Palau,MtCO2e,false,false,0.20,0.20,0.20,0.20,0.20,0.20,0.20,0.20,0.21,0.22,0.22,0.22,0.23,0.26,0.25,0.24,0.21,0.20,0.21,0.21,0.22,0.22,0.22,0.21,0.25,0.26,0.25,0.25
Saint Kitts and Nevis,MtCO2e,0.11,0.11,0.15,0.14,0.15,0.15,0.15,0.16,0.18,0.18,0.19,0.21,0.23,0.23,0.24,0.22,0.23,0.25,0.25,0.70,0.24,0.28,0.34,0.23,0.23,0.24,0.24,0.24,0.25,0.25
Central African Republic,MtCO2e,0.15,0.14,0.15,0.16,0.16,0.16,0.17,0.17,0.23,0.24,0.24,0.25,0.25,0.23,0.23,0.22,0.23,0.24,0.17,0.17,0.17,0.19,0.20,0.12,0.13,0.19,0.21,0.22,0.23,0.24
Vanuatu,MtCO2e,0.07,0.07,0.06,0.06,0.06,0.07,0.09,0.09,0.08,0.09,0.09,0.09,0.08,0.09,0.07,0.07,0.07,0.11,0.10,0.13,0.13,0.13,0.12,0.11,0.16,0.14,0.18,0.17,0.21,0.21
Marshall Islands,MtCO2e,false,false,0.08,0.09,0.09,0.09,0.09,0.09,0.10,0.10,0.10,0.11,0.12,0.11,0.13,0.14,0.14,0.14,0.13,0.14,0.14,0.14,0.14,0.14,0.15,0.15,0.18,0.18,0.18,0.18
Micronesia,MtCO2e,false,false,0.11,0.11,0.11,0.12,0.12,0.12,0.13,0.13,0.13,0.15,0.14,0.16,0.16,0.16,0.14,0.14,0.12,0.13,0.11,0.12,0.13,0.14,0.14,0.15,0.17,0.18,0.17,0.18
Dominica,MtCO2e,0.06,0.06,0.08,0.08,0.08,0.10,0.08,0.10,0.11,0.11,0.13,0.15,0.12,0.14,0.16,0.16,0.17,0.18,0.18,0.50,0.18,0.18,0.25,0.17,0.18,0.18,0.18,0.17,0.17,0.17
Tonga,MtCO2e,0.08,0.09,0.08,0.09,0.09,0.10,0.08,0.09,0.09,0.11,0.10,0.09,0.10,0.12,0.13,0.13,0.15,0.13,0.13,0.14,0.12,0.11,0.11,0.12,0.11,0.12,0.15,0.18,0.16,0.16
Liechtenstein,MtCO2e,0.20,0.21,0.21,0.22,0.20,0.20,0.21,0.22,0.23,0.23,0.22,0.21,0.22,0.23,0.23,0.23,0.23,0.20,0.22,0.21,0.19,0.18,0.19,0.19,0.16,0.16,0.15,0.16,0.14,0.15
Sao Tome and Principe,MtCO2e,0.05,0.05,0.04,0.04,0.05,0.05,0.05,0.05,0.05,0.05,0.05,0.05,0.06,0.07,0.07,0.08,0.08,0.08,0.09,0.09,0.10,0.10,0.12,0.12,0.12,0.12,0.13,0.14,0.14,0.15
Cook Islands,MtCO2e,0.04,0.04,0.04,0.04,0.04,0.04,0.05,0.05,0.05,0.05,0.05,0.05,0.04,0.05,0.06,0.07,0.07,0.07,0.06,0.06,0.07,0.07,0.08,0.07,0.08,0.07,0.08,0.09,0.09,0.09
Kiribati,MtCO2e,0.02,0.02,0.02,0.03,0.03,0.03,0.03,0.03,0.03,0.03,0.03,0.03,0.04,0.04,0.05,0.07,0.07,0.06,0.06,0.06,0.05,0.05,0.06,0.06,0.06,0.06,0.07,0.09,0.09,0.09
Nauru,MtCO2e,0.13,0.13,0.12,0.11,0.11,0.11,0.10,0.10,0.10,0.09,0.09,0.08,0.08,0.07,0.07,0.07,0.05,0.04,0.04,0.04,0.04,0.04,0.04,0.05,0.05,0.06,0.06,0.07,0.06,0.06
Tuvalu,MtCO2e,0.01,0.01,0.01,0.01,0.01,0.01,0.01,0.01,0.01,0.01,0.01,0.01,0.01,0.01,0.01,0.01,0.01,0.01,0.01,0.01,0.01,0.01,0.01,0.01,0.01,0.01,0.01,0.01,0.01,0.01
Niue,MtCO2e,0.01,0.01,0.01,0.01,0.01,0.01,0.01,0.01,0.01,0.01,0.01,0.01,0.01,0.01,0.01,0.01,0.01,0.01,0.01,0.01,0.00,0.01,0.01,0.01,0.01,0.01,0.01,0.01,0.01,0.01
Data source,CAIT
Data for,Location: World. Sectors/Subsectors: Total excluding LUCF. Gases: CO2. Calculation: Total. Show data by Countries